leaid,lea_name,ncessch,school_name,school_level,enrollment,free_lunch,reduced_price_lunch,frl_count,frl_rate_calc,virtual,source,ccd_year,retrieval_date
2910380,Crystal City 47,291038000339,CRYSTAL CITY ELEM.,1,318,142,18,160,0.503,0,Urban Institute Education Data Portal (mirror of NCES CCD),2022,2026-08-04
2910380,Crystal City 47,291038000340,CRYSTAL CITY HIGH,3,224,85,9,94,0.42,0,Urban Institute Education Data Portal (mirror of NCES CCD),2022,2026-08-04
2910500,Desoto 73,291050000347,ATHENA ELEM.,1,489,182,40,222,0.454,0,Urban Institute Education Data Portal (mirror of NCES CCD),2022,2026-08-04
2910500,Desoto 73,291050000349,DESOTO JR. HIGH,2,381,144,32,176,0.462,0,Urban Institute Education Data Portal (mirror of NCES CCD),2022,2026-08-04
2910500,Desoto 73,291050000350,DESOTO SR. HIGH,3,848,216,70,286,0.337,0,Urban Institute Education Data Portal (mirror of NCES CCD),2022,2026-08-04
2910500,Desoto 73,291050000351,VINELAND ELEM.,1,648,269,51,320,0.494,0,Urban Institute Education Data Portal (mirror of NCES CCD),2022,2026-08-04
2910500,Desoto 73,291050002993,EARLY CHILDHOOD CTR.,0,177,69,7,76,0.429,0,Urban Institute Education Data Portal (mirror of NCES CCD),2022,2026-08-04
2914250,Dunklin R-V,291425000639,HERCULANEUM HIGH,3,489,173,43,216,0.442,0,Urban Institute Education Data Portal (mirror of NCES CCD),2022,2026-08-04
2914250,Dunklin R-V,291425000641,PEVELY ELEM.,1,708,292,64,356,0.503,0,Urban Institute Education Data Portal (mirror of NCES CCD),2022,2026-08-04
2914250,Dunklin R-V,291425002399,SENN-THOMAS MIDDLE,2,362,141,32,173,0.478,0,Urban Institute Education Data Portal (mirror of NCES CCD),2022,2026-08-04
2914250,Dunklin R-V,291425003326,TAYLOR EARLY CHILDHOOD,0,26,16,7,23,0.885,0,Urban Institute Education Data Portal (mirror of NCES CCD),2022,2026-08-04
2912030,Festus R-VI,291203000479,FESTUS ELEM.,1,1039,301,72,373,0.359,0,Urban Institute Education Data Portal (mirror of NCES CCD),2022,2026-08-04
2912030,Festus R-VI,291203000481,FESTUS SR. HIGH,3,979,282,73,355,0.363,0,Urban Institute Education Data Portal (mirror of NCES CCD),2022,2026-08-04
2912030,Festus R-VI,291203002522,FESTUS MIDDLE,2,552,190,36,226,0.409,0,Urban Institute Education Data Portal (mirror of NCES CCD),2022,2026-08-04
2912030,Festus R-VI,291203002779,FESTUS INTERMEDIATE,2,745,232,66,298,0.4,0,Urban Institute Education Data Portal (mirror of NCES CCD),2022,2026-08-04
2912300,Fox C-6,291230000497,ANTONIA ELEM.,1,482,85,24,109,0.226,0,Urban Institute Education Data Portal (mirror of NCES CCD),2022,2026-08-04
2912300,Fox C-6,291230000498,CLYDE HAMRICK ELEM.,1,405,138,39,177,0.437,0,Urban Institute Education Data Portal (mirror of NCES CCD),2022,2026-08-04
2912300,Fox C-6,291230000499,FOX ELEM.,1,380,118,36,154,0.405,0,Urban Institute Education Data Portal (mirror of NCES CCD),2022,2026-08-04
2912300,Fox C-6,291230000500,FOX MIDDLE,2,632,174,40,214,0.339,0,Urban Institute Education Data Portal (mirror of NCES CCD),2022,2026-08-04
2912300,Fox C-6,291230000501,MERAMEC HEIGHTS ELEM.,1,425,193,28,221,0.52,0,Urban Institute Education Data Portal (mirror of NCES CCD),2022,2026-08-04
2912300,Fox C-6,291230000502,RIDGEWOOD MIDDLE,2,616,192,58,250,0.406,0,Urban Institute Education Data Portal (mirror of NCES CCD),2022,2026-08-04
2912300,Fox C-6,291230000503,ROCKPORT HEIGHTS ELEM.,1,400,94,22,116,0.29,0,Urban Institute Education Data Portal (mirror of NCES CCD),2022,2026-08-04
2912300,Fox C-6,291230000504,SECKMAN ELEM.,1,486,60,15,75,0.154,0,Urban Institute Education Data Portal (mirror of NCES CCD),2022,2026-08-04
2912300,Fox C-6,291230000505,SECKMAN MIDDLE,2,725,96,28,124,0.171,0,Urban Institute Education Data Portal (mirror of NCES CCD),2022,2026-08-04
2912300,Fox C-6,291230000506,FOX SR. HIGH,3,1742,392,93,485,0.278,0,Urban Institute Education Data Portal (mirror of NCES CCD),2022,2026-08-04
2912300,Fox C-6,291230000507,SHERWOOD ELEM.,1,351,107,29,136,0.387,0,Urban Institute Education Data Portal (mirror of NCES CCD),2022,2026-08-04
2912300,Fox C-6,291230001019,RICHARD SIMPSON ELEM.,1,373,77,13,90,0.241,0,Urban Institute Education Data Portal (mirror of NCES CCD),2022,2026-08-04
2912300,Fox C-6,291230001981,SECKMAN SR. HIGH,3,1793,244,70,314,0.175,0,Urban Institute Education Data Portal (mirror of NCES CCD),2022,2026-08-04
2912300,Fox C-6,291230002402,GEORGE GUFFEY ELEM.,1,483,151,41,192,0.398,0,Urban Institute Education Data Portal (mirror of NCES CCD),2022,2026-08-04
2912300,Fox C-6,291230002593,LONE DELL ELEM.,1,422,112,24,136,0.322,0,Urban Institute Education Data Portal (mirror of NCES CCD),2022,2026-08-04
2912300,Fox C-6,291230003027,RAYMOND  NANCY HODGE ELEM.,1,322,77,19,96,0.298,0,Urban Institute Education Data Portal (mirror of NCES CCD),2022,2026-08-04
2912300,Fox C-6,291230003028,DON EARL EARLY CHILDHOOD CTR.,0,119,32,2,34,0.286,0,Urban Institute Education Data Portal (mirror of NCES CCD),2022,2026-08-04
2912300,Fox C-6,291230003151,ANTONIA MIDDLE SCHOOL,2,551,104,33,137,0.249,0,Urban Institute Education Data Portal (mirror of NCES CCD),2022,2026-08-04
2913170,Grandview R-II,291317000558,GRANDVIEW ELEM.,1,230,80,37,117,0.509,0,Urban Institute Education Data Portal (mirror of NCES CCD),2022,2026-08-04
2913170,Grandview R-II,291317001490,GRANDVIEW MIDDLE,2,158,47,18,65,0.411,0,Urban Institute Education Data Portal (mirror of NCES CCD),2022,2026-08-04
2913170,Grandview R-II,291317002285,GRANDVIEW HIGH,3,261,78,18,96,0.368,0,Urban Institute Education Data Portal (mirror of NCES CCD),2022,2026-08-04
2913170,Grandview R-II,291317003411,Missouri Virtual Academy,4,1738,706,231,937,0.539,1,Urban Institute Education Data Portal (mirror of NCES CCD),2022,2026-08-04
2914430,Hillsboro R-III,291443000673,HILLSBORO ELEM.,1,462,134,28,162,0.351,0,Urban Institute Education Data Portal (mirror of NCES CCD),2022,2026-08-04
2914430,Hillsboro R-III,291443000674,HILLSBORO MIDDLE ELEM.,2,483,128,32,160,0.331,0,Urban Institute Education Data Portal (mirror of NCES CCD),2022,2026-08-04
2914430,Hillsboro R-III,291443000675,HILLSBORO HIGH,3,1121,233,50,283,0.252,0,Urban Institute Education Data Portal (mirror of NCES CCD),2022,2026-08-04
2914430,Hillsboro R-III,291443001017,JUVENILE DETENTION CTR.,4,9,,,3,0.333,0,Urban Institute Education Data Portal (mirror of NCES CCD),2022,2026-08-04
2914430,Hillsboro R-III,291443002597,HILLSBORO JR. HIGH,2,544,152,19,171,0.314,0,Urban Institute Education Data Portal (mirror of NCES CCD),2022,2026-08-04
2914430,Hillsboro R-III,291443002598,HILLSBORO PRIMARY,1,670,195,32,227,0.339,0,Urban Institute Education Data Portal (mirror of NCES CCD),2022,2026-08-04
2916230,Jefferson Co. R-VII,291623000763,PLATTIN PRIMARY,1,217,45,20,65,0.3,0,Urban Institute Education Data Portal (mirror of NCES CCD),2022,2026-08-04
2916230,Jefferson Co. R-VII,291623001722,DANBY-RUSH TOWER MIDDLE,2,241,51,10,61,0.253,0,Urban Institute Education Data Portal (mirror of NCES CCD),2022,2026-08-04
2916230,Jefferson Co. R-VII,291623001725,TELEGRAPH INTERMEDIATE,1,239,48,15,63,0.264,0,Urban Institute Education Data Portal (mirror of NCES CCD),2022,2026-08-04
2916230,Jefferson Co. R-VII,291623003144,JEFFERSON HIGH SCHOOL,3,318,54,11,65,0.204,0,Urban Institute Education Data Portal (mirror of NCES CCD),2022,2026-08-04
2916230,Jefferson Co. R-VII,291623003305,JEFFERSON R-VII PRESCHOOL,0,93,14,9,23,0.247,0,Urban Institute Education Data Portal (mirror of NCES CCD),2022,2026-08-04
2922890,Northwest R-I,292289001301,BRENNAN WOODS ELEM.,1,481,118,29,147,0.306,0,Urban Institute Education Data Portal (mirror of NCES CCD),2022,2026-08-04
2922890,Northwest R-I,292289001303,HIGH RIDGE ELEM.,1,350,126,9,135,0.386,0,Urban Institute Education Data Portal (mirror of NCES CCD),2022,2026-08-04
2922890,Northwest R-I,292289001304,HOUSE SPRINGS ELEM.,1,481,179,34,213,0.443,0,Urban Institute Education Data Portal (mirror of NCES CCD),2022,2026-08-04
2922890,Northwest R-I,292289001306,MAPLE GROVE ELEM.,1,395,148,34,182,0.461,0,Urban Institute Education Data Portal (mirror of NCES CCD),2022,2026-08-04
2922890,Northwest R-I,292289001307,MURPHY ELEM.,1,463,191,29,220,0.475,0,Urban Institute Education Data Portal (mirror of NCES CCD),2022,2026-08-04
2922890,Northwest R-I,292289001309,NORTHWEST HIGH,3,1841,449,56,505,0.274,0,Urban Institute Education Data Portal (mirror of NCES CCD),2022,2026-08-04
2922890,Northwest R-I,292289002378,NORTHWEST VALLEY SCH.,2,788,251,37,288,0.365,0,Urban Institute Education Data Portal (mirror of NCES CCD),2022,2026-08-04
2922890,Northwest R-I,292289002564,CEDAR SPRINGS ELEM.,1,414,118,17,135,0.326,0,Urban Institute Education Data Portal (mirror of NCES CCD),2022,2026-08-04
2922890,Northwest R-I,292289003191,WOODRIDGE MIDDLE SCHOOL,2,566,178,23,201,0.355,0,Urban Institute Education Data Portal (mirror of NCES CCD),2022,2026-08-04
2922890,Northwest R-I,292289003192,HOUSE SPRINGS EARLY CHILD CTR,0,190,63,10,73,0.384,0,Urban Institute Education Data Portal (mirror of NCES CCD),2022,2026-08-04
2929820,Sunrise R-IX,292982002060,SUNRISE ELEM.,1,333,132,9,141,0.423,0,Urban Institute Education Data Portal (mirror of NCES CCD),2022,2026-08-04
2932100,Windsor C-1,293210002250,WINDSOR INTERMEDIATE,1,617,175,55,230,0.373,0,Urban Institute Education Data Portal (mirror of NCES CCD),2022,2026-08-04
2932100,Windsor C-1,293210002251,JAMES E. FREER ELEM.,1,280,70,23,93,0.332,0,Urban Institute Education Data Portal (mirror of NCES CCD),2022,2026-08-04
2932100,Windsor C-1,293210002253,WINDSOR HIGH,3,908,179,87,266,0.293,0,Urban Institute Education Data Portal (mirror of NCES CCD),2022,2026-08-04
2932100,Windsor C-1,293210002653,WINDSOR MIDDLE,2,659,169,64,233,0.354,0,Urban Institute Education Data Portal (mirror of NCES CCD),2022,2026-08-04
2932100,Windsor C-1,293210002868,WINDSOR ELEM.,1,489,135,54,189,0.387,0,Urban Institute Education Data Portal (mirror of NCES CCD),2022,2026-08-04
